Item,,,Value,,Common,,,,,,,Rare,,,,,,,Legendary,,,,,,,,,
Name,Rarity,Quantity,Sold,Scrap,Alarm Clock,Baseball Glove,Duct Tape,Yarn,Magnifying Glass,Desk Fan,Toy Car,Brahmin Hide,Camera,Globe,Microscope,Teddy Bear,Wonderglue,Shovel,Military Circuit Board,Chemistry Flask,Giddyup Buttercup,Gold Watch,Military Duct Tape,Tri-fold Flag,Yao Guai Hide,,,
Sturdy Combat Armor,Rare,1,100,160,,4,,,,,1,,,3,,,,,,,,,,,,,,
Fancy Formal Wear,Rare,1,100,60,,,,5,,,,,,,,1,,,,,,,,,,,Constants,
Medieval Ruler Outfit,Rare,1,100,58,,3,,1,,,,,,,,1,,,,,,,,,,,Common,10
Nobility Outfit,Rare,2,200,218,,7,,2,,,,,,,,4,,,,,,,,,,,Rare,100
Sports Fan Outfit,Rare,4,400,632,,12,,,,,4,,,12,,,,,,,,,,,,,Legendary,500
Armor Piercing Assault Rifle,Rare,1,100,108,2,,,,,,2,,,,,,2,,,,,,,,,,,
Assault Rifle,Rare,2,200,212,6,,,,,,,,,2,,,2,,,,,,,,,,,
Double-Barrel Sawed-Off Shotgun,Rare,1,100,104,,,,,,2,,,,1,,,1,,,,,,,,,,,
Hardened Sawed-Off Shotgun,Rare,2,200,120,,,6,,,4,,,,2,,,,,,,,,,,,,,
Shotgun,Rare,1,100,60,,,3,,,2,,,,1,,,,,,,,,,,,,,
Sniper Rifle,Rare,1,100,160,,,,,2,3,,,3,,,,,,,,,,,,,,,
Officer Uniform,Rare,1,100,210,,4,,1,,,,,,,,4,,,,,,,,,,,,
Surgeon Outfit,Rare,1,100,208,,,,2,2,,,4,,,,,,,,,,,,,,,,
Greaser Outfit,Rare,1,100,58,,1,,3,,,,1,,,,,,,,,,,,,,,,
Sturdy Raider Armor,Rare,2,200,320,,,6,,,4,,6,,,,,,,,,,,,,,,,
Sturdy Leather Armor,Rare,2,200,68,,2,,,,,7,1,,,,,,,,,,,,,,,,
Naughty Nightwear,Rare,1,100,58,,,3,1,,,,,,,,1,,,,,,,,,,,,
Horror Fan Outfit,Rare,4,400,528,,6,,,,,8,,,,,10,,,,,,,,,,,,
Rusty BB Gun,Common,2,20,0,,,,,,,,,,,,,,,,,,,,,,,,
Rusty 10mm Pistol,Common,2,20,0,,,,,,,,,,,,,,,,,,,,,,,,
Rusty .32 Pistol,Common,1,10,2,,,,,,1,,,,,,,,,,,,,,,,,,
Enhanced .32 Pistol,Common,1,10,0,,,,,,,,,,,,,,,,,,,,,,,,
Scoped .44,Common,3,30,4,1,,,,1,,,,,,,,,,,,,,,,,,,
Rusty Laser Pistol,Common,1,10,2,,,,,,1,,,,,,,,,,,,,,,,,,
Rusty Lever-Action Rifle,Common,1,10,2,,,,,,,1,,,,,,,,,,,,,,,,,
Enhanced Hunting Rifle,Common,3,30,6,,,1,,,,2,,,,,,,,,,,,,,,,,
Rusty Hunting Rifle,Common,1,10,2,,,1,,,,,,,,,,,,,,,,,,,,,
BB Gun,Common,4,40,0,,,,,,,,,,,,,,,,,,,,,,,,
Sawed-Off Shotgun,Common,2,20,6,,,,,,1,2,,,,,,,,,,,,,,,,,
Lever-Action Rifle,Common,1,10,2,,,,,,,1,,,,,,,,,,,,,,,,,
Rusty Sawed-Off Shotgun,Common,5,50,6,,,1,,,,2,,,,,,,,,,,,,,,,,
Enhanced Lever-Action Rifle,Common,5,50,12,,,2,,,,4,,,,,,,,,,,,,,,,,
Hunting Rifle,Common,3,30,4,,,2,,,,,,,,,,,,,,,,,,,,,
.32 Pistol,Common,3,30,0,,,,,,,,,,,,,,,,,,,,,,,,
Enhanced 10mm Pistol,Common,4,40,2,,,,,,1,,,,,,,,,,,,,,,,,,
Rusty Shotgun,Rare,1,100,56,,,,,,3,,,,,,,1,,,,,,,,,,,
Handyman Jumpsuit,Common,1,10,0,,,,,,,,,,,,,,,,,,,,,,,,
Battle Armor,Common,2,20,8,,,,,,2,2,,,,,,,,,,,,,,,,,
Double-Barrel Sawed-Off Shotgun,Rare,1,100,54,,,,,,2,,,,1,,,,,,,,,,,,,,
Sawed-Off Shotgun,Common,1,10,4,,,1,,,,1,,,,,,,,,,,,,,,,,
Rusty Sawed-Off Shotgun,Common,1,10,0,,,,,,,,,,,,,,,,,,,,,,,,
Enhanced BB Gun,Common,1,10,0,,,,,,,,,,,,,,,,,,,,,,,,
Rusty Laser Pistol,Common,2,20,10,1,,,,2,2,,,,,,,,,,,,,,,,,,
Armored Vault Suit,Common,1,10,0,,,,,,,,,,,,,,,,,,,,,,,,
Combat Armor,Common,2,20,6,,1,,,,,2,,,,,,,,,,,,,,,,,
Radiation Suit,Common,5,50,8,,,,3,1,,,,,,,,,,,,,,,,,,,
Leather Armor,Common,2,20,8,,2,,,,,2,,,,,,,,,,,,,,,,,
Lab Coat,Common,2,20,6,,,,2,1,,,,,,,,,,,,,,,,,,,
Nightwear,Common,2,20,0,,,,,,,,,,,,,,,,,,,,,,,,
Wasteland Medic,Common,3,30,2,,,,1,,,,,,,,,,,,,,,,,,,,
Raider Armor,Common,5,50,6,,1,2,,,,,,,,,,,,,,,,,,,,,
Wasteland Gear,Common,3,30,6,,1,,,2,,,,,,,,,,,,,,,,,,,
Junior Officer Uniform,Common,2,20,2,,1,,,,,,,,,,,,,,,,,,,,,,
Initiate Robe,Common,3,30,4,,1,,1,,,,,,,,,,,,,,,,,,,,
Merc Gear,Common,5,50,2,,1,,,,,,,,,,,,,,,,,,,,,,
Military Fatigues,Common,1,10,4,,,,1,,,1,,,,,,,,,,,,,,,,,
10 mm Pistol,Common,1,10,0,,,,,,,,,,,,,,,,,,,,,,,,
Lever-Action Rifle,Common,1,10,0,,,,,,,,,,,,,,,,,,,,,,,,
Rusty Sawed-Off Shotgun,Common,2,20,6,,,1,,,,2,,,,,,,,,,,,,,,,,
Enhanced 10mm Pistol,Common,1,10,0,,,,,,,,,,,,,,,,,,,,,,,,
Double-Barrel Shotgun,Rare,1,100,104,,,,,,2,,,,,,,2,,,,,,,,,,,
Tuned Laser Rifle,Rare,2,200,168,,,,,4,5,,,3,,,,,,,,,,,,,,,
Armor Piercing Scoped .44,Rare,1,100,54,2,,,,,,,,,,1,,,,,,,,,,,,,
Heavy Merc Gear,Legendary,1,500,950,,,,,,,,,,,,3,,,,,,,,,4,,,
Hardened Minigun,Legendary,1,500,700,,,,,,,,,,,,,,2,,,,1,2,,,,,
Enhanced Combat Shotgun,Rare,1,100,204,,,,,,2,,,,3,,,1,,,,,,,,,,,
Hardened Sawed-Off Shotgun,Rare,1,100,108,,,2,,,2,,,,2,,,,,,,,,,,,,,
Focused Laser Pistol,Rare,1,100,156,,,,,3,,,,2,,,,,1,,,,,,,,,,
Armor Piercing BB Gun,Rare,1,100,4,,,1,,,1,,,,,,,,,,,,,,,,,,
Armor Piercing 10mm Pistol,Rare,1,100,60,,,3,,,2,,,,,,,,1,,,,,,,,,,
Armor Piercing Lever-Action Rifle,Rare,1,100,56,,,,,,1,2,,,,,,1,,,,,,,,,,,
Assault Rifle,Rare,1,100,56,3,,,,,,,,,1,,,,,,,,,,,,,,
Rusty Shotgun,Rare,2,200,262,,,,,,6,,,,4,,,1,,,,,,,,,,,
Sniper Rifle,Rare,1,100,58,,,,,2,2,,,1,,,,,,,,,,,,,,,
Hardened Sniper Rifle,Rare,2,200,360,,,,,5,,,,3,,,,,4,,,,,,,,,,
Focused Laser Rifle,Rare,2,200,218,,,,,4,5,,,4,,,,,,,,,,,,,,,
Rusty Combat Shotgun,Rare,1,100,210,,,3,,2,,,,,4,,,,,,,,,,,,,,
Hardened Shotgun,Rare,1,100,8,,,3,,,1,,,,,,,,,,,,,,,,,,
Shotgun,Rare,1,100,58,,,2,,,2,,,,1,,,,,,,,,,,,,,
Butcher Knife,Rare,1,100,108,,,2,,2,,,,,,,,,2,,,,,,,,,,
Relentless Raider Sword,Legendary,1,500,800,,,,,,,,,,,,,4,,,,1,2,,,,,,
Hardened Sawed-Off Shotgun,Rare,1,100,58,,,2,,,2,,,,1,,,,,,,,,,,,,,
Armor Piercing Lever-Action Rifle,Rare,1,100,6,,,,,,1,2,,,,,,,,,,,,,,,,,
Enhanced Assault Rifle,Rare,1,100,54,2,,,,,,,,,,,,1,,,,,,,,,,,
Night-Vision Pipe Rifle,Rare,1,100,110,,,2,,,,3,,,,,,,2,,,,,,,,,,
Rusty Plasma Pistol,Rare,2,200,160,5,,,,,,,,,1,2,,,,,,,,,,,,,
Sturdy Merc Gear,Rare,2,200,266,,2,,6,,,,5,,,,,,,,,,,,,,,,
Engineer Outfit,Rare,2,200,170,,2,,,,,8,3,,,,,,,,,,,,,,,,
Advanced Radiation Suit,Rare,3,300,274,,,,,6,,6,,,,,5,,,,,,,,,,,,
Officer Uniform,Rare,3,300,428,,11,,3,,,,,,,,8,,,,,,,,,,,,
Sturdy Wasteland Gear,Rare,3,300,376,,,,,8,,5,7,,,,,,,,,,,,,,,,
Wasteland Doctor,Rare,4,400,688,,11,,,8,,,,,,,13,,,,,,,,,,,,
Ninja Outfit,Rare,3,300,526,,8,5,,,,,,,,,10,,,,,,,,,,,,
Merc Gear,Common,1,10,0,,,,,,,,,,,,,,,,,,,,,,,,
Wasteland Medic,Common,1,10,2,,,,1,,,,,,,,,,,,,,,,,,,,
Initiate Robe,Common,1,10,0,,,,,,,,,,,,,,,,,,,,,,,,
Librarian Outfit,Rare,2,200,418,,,,2,7,,,,,,,8,,,,,,,,,,,,
Battle Armor,Common,1,10,0,,,,,,,,,,,,,,,,,,,,,,,,
Commander Uniform,Legendary,1,500,800,,,,,,,,4,,,,,,,,,,,,3,,,,
Armored Vault Suit,Common,1,10,0,,,,,,,,,,,,,,,,,,,,,,,,
Sports Fan Outfit,Rare,4,400,534,,13,,,,,4,,,10,,,,,,,,,,,,,,
Medieval Ruler Outfit,Rare,1,100,160,,4,,1,,,,,,,,3,,,,,,,,,,,,
Knight Armor,Rare,1,100,158,,1,,,,3,,3,,,,,,,,,,,,,,,,
Double-Barrel Shotgun,Rare,1,100,54,,,,,,2,,,,1,,,,,,,,,,,,,,
Rusty Plasma Pistol,Rare,1,100,56,3,,,,,,,,,1,,,,,,,,,,,,,,
Tuned Plasma Pistol,Rare,1,100,104,2,,,,,,,,,2,,,,,,,,,,,,,,
Armor Piercing Sniper Rifle,Rare,1,100,54,,,,,2,,,,,,,,,1,,,,,,,,,,
Rusty Sniper Rifle,Rare,2,200,220,,,,,4,6,,,4,,,,,,,,,,,,,,,
Armor Piercing 10mm Pistol,Rare,1,100,58,,,2,,,2,,,,,,,,1,,,,,,,,,,
Railway Rifle,Rare,1,100,256,,,,,,,3,,,,,,3,2,,,,,,,,,,
Hardened Sniper Rifle,Rare,2,200,208,,,,,4,,,,2,,,,,2,,,,,,,,,,
Hardened Gauss Rifle,Legendary,1,500,550,,,,,,,,,3,,,,,,,,2,,,,,,,
Rusty Plasma Pistol,Rare,1,100,156,3,,,,,,,,,2,1,,,,,,,,,,,,,
Shotgun,Rare,1,100,60,,,3,,,2,,,,1,,,,,,,,,,,,,,
Hardened Shotgun,Rare,1,100,10,,,3,,,2,,,,,,,,,,,,,,,,,,
Hardened BB Gun,Rare,1,100,56,,,2,,,1,,,,1,,,,,,,,,,,,,,
Laser Musket,Legendary,1,500,500,,,,,,,,,,,2,,,,1,,1,,,,,,,
Hardened Sniper Rifle,Rare,1,100,104,,,,,2,,,,,,,,,2,,,,,,,,,,
Plasma Pistol,Rare,1,100,206,3,,,,,,,,,2,2,,,,,,,,,,,,,
Armor Piercing Assault Rifle,Rare,1,100,58,2,,,,,,2,,,,,,1,,,,,,,,,,,
Tuned Laser Pistol,Rare,1,100,54,,,,,2,,,,,,,,,1,,,,,,,,,,
Kitchen Knife,Rare,1,100,58,,,,,,4,,,,,,,,1,,,,,,,,,,
Rusty Laser Rifle,Rare,1,100,156,,,,,3,,,,1,,,,,2,,,,,,,,,,
Plasma Pistol,Rare,2,200,210,5,,,,,,,,,2,2,,,,,,,,,,,,,
Infiltrator,Legendary,1,500,400,,,,,,,,,2,2,,,,,,,,,1,,,,,
Assault Rifle,Rare,1,100,106,3,,,,,,,,,1,,,1,,,,,,,,,,,
Hardened Assault Rifle,Rare,2,200,168,4,,,,,,5,,,,,,3,,,,,,,,,,,
Enhanced Assault Rifle,Rare,3,300,414,7,,,,,,,,,2,,,6,,,,,,,,,,,
Pool Cue,Rare,1,100,60,,,,,,,5,,,1,,,,,,,,,,,,,,
Armor Piercing Assault Rifle,Rare,1,100,60,2,,,,,,3,,,,,,1,,,,,,,,,,,
Plasma Pistol,Rare,1,100,54,2,,,,,,,,,,1,,,,,,,,,,,,,
Assault Rifle,Rare,1,100,104,2,,,,,,,,,,,,2,,,,,,,,,,,
Hardened BB Gun,Rare,1,100,56,,,2,,,1,,,,1,,,,,,,,,,,,,,
Double-Barrel Sawed-Off Shotgun,Rare,1,100,56,,,,,,3,,,,1,,,,,,,,,,,,,,
Rusty Assault Rifle,Rare,1,100,54,2,,,,,,,,,1,,,,,,,,,,,,,,
Armor Piercing Sniper Rifle,Rare,1,100,154,,,,,2,,,,2,,,,,1,,,,,,,,,,
Armor Piercing BB Gun,Rare,1,100,54,,,1,,,1,,,,1,,,,,,,,,,,,,,
Amplified Laser Pistol,Rare,1,100,156,,,,,3,,,,2,,,,,1,,,,,,,,,,
Advanced Radiation Suit,Rare,3,300,78,,,,,9,,5,,,,,1,,,,,,,,,,,,
Sheriff's Duster,Legendary,1,500,1200,,,,,,,,4,,,,,,,,,,,,5,,,,
Shotgun,Rare,1,100,108,,,2,,,2,,,,2,,,,,,,,,,,,,,
Hardened Shotgun,Rare,1,100,60,,,3,,,2,,,,1,,,,,,,,,,,,,,
Rusty Shotgun,Rare,2,200,262,,,,,,6,,,,3,,,2,,,,,,,,,,,
Enhanced Shotgun,Rare,1,100,110,,,3,,,2,,,,2,,,,,,,,,,,,,,
Hardened 10mm Pistol,Rare,1,100,60,,,3,,,2,,,,,,,,1,,,,,,,,,,
Engineer Outfit,Rare,2,200,366,,2,,,,,6,7,,,,,,,,,,,,,,,,
Sturdy Merc Gear,Rare,2,200,68,,2,,7,,,,1,,,,,,,,,,,,,,,,
Medieval Ruler Outfit,Rare,3,300,376,,10,,3,,,,,,,,7,,,,,,,,,,,,
Comedian Outfit,Rare,2,200,318,,5,4,,,,,,,,,6,,,,,,,,,,,,
Nobility Outfit,Rare,4,400,434,,13,,4,,,,,,,,8,,,,,,,,,,,,
Surgeon Outfit,Rare,3,300,380,,,,9,6,,,7,,,,,,,,,,,,,,,,
Hardened BB Gun,Rare,1,100,6,,,2,,,1,,,,,,,,,,,,,,,,,,
Rusty Hunting Rifle,Common,1,10,0,,,,,,,,,,,,,,,,,,,,,,,,
Shotgun,Rare,1,100,60,,,3,,,2,,,,1,,,,,,,,,,,,,,
Enhanced Assault Rifle,Rare,1,100,54,2,,,,,,,,,,,,1,,,,,,,,,,,
Armor Piercing Hunting Rifle,Rare,1,100,58,,,,,,1,3,,,,,,1,,,,,,,,,,,
Double-Barrel Shotgun,Rare,1,100,104,,,,,,2,,,,,,,2,,,,,,,,,,,
Wild Bill's Sidearm,Legendary,1,500,350,,,,,,,,,,2,,,1,,,,1,,,,,,,
Armor Piercing Assault Rifle,Rare,1,100,160,2,,,,,,3,,,,,,3,,,,,,,,,,,
Double-Barrel Sawed-Off Shotgun,Rare,1,100,54,,,,,,2,,,,,,,1,,,,,,,,,,,
Rusty Plasma Pistol,Rare,1,100,106,3,,,,,,,,,,2,,,,,,,,,,,,,
Hardened Sawed-Off Shotgun,Rare,2,200,168,,,5,,,4,,,,3,,,,,,,,,,,,,,
Rusty Shotgun,Rare,1,100,4,,,,,,2,,,,,,,,,,,,,,,,,,
Tuned Laser Rifle,Rare,2,200,116,,,,,3,5,,,2,,,,,,,,,,,,,,,
Tuned Laser Pistol,Rare,1,100,6,,,,,3,,,,,,,,,,,,,,,,,,,
Wasteland Medic,Common,1,10,0,,,,,,,,,,,,,,,,,,,,,,,,
Handyman Jumpsuit,Common,2,20,6,,1,,2,,,,,,,,,,,,,,,,,,,,
Nobility Outfit,Rare,2,200,170,,8,,2,,,,,,,,3,,,,,,,,,,,,
X-01 Mk I Power Armor,Legendary,1,500,350,,,,,,,,,2,,,,1,,,,1,,,,,,,
Comedian Outfit,Rare,1,100,210,,3,2,,,,,,,,,4,,,,,,,,,,,,
Hardened Sawed-Off Shotgun,Rare,1,100,108,,,2,,,2,,,,2,,,,,,,,,,,,,,
Hardened Assault Rifle,Rare,1,100,108,1,,,,,,3,,,,,,2,,,,,,,,,,,
Enhanced Assault Rifle,Rare,1,100,104,2,,,,,,,,,1,,,1,,,,,,,,,,,
Armor Piercing BB Gun,Rare,1,100,56,,,2,,,1,,,,1,,,,,,,,,,,,,,
Assault Rifle,Rare,1,100,54,2,,,,,,,,,,,,1,,,,,,,,,,,
Amplified Laser Pistol,Rare,1,100,56,,,,,3,,,,1,,,,,,,,,,,,,,,
Focused Plasma Pistol,Rare,2,200,318,3,,,,,,6,,,,6,,,,,,,,,,,,,
Sniper Rifle,Rare,1,100,58,,,,,1,3,,,1,,,,,,,,,,,,,,,
Wrestler Outfit,Rare,2,200,320,,,4,6,,,,6,,,,,,,,,,,,,,,,
Sturdy Leather Armor,Rare,4,400,384,,4,,,,,13,7,,,,,,,,,,,,,,,,
Clergy Outfit,Rare,3,300,228,,11,,3,,,,,,,,4,,,,,,,,,,,,
Double-Barrel Combat Shotgun,Legendary,1,500,650,,,,,,,,,,,,,3,2,,,,2,,,,,,
Focused Plasma Pistol,Rare,2,200,266,3,,,,,,5,,,,5,,,,,,,,,,,,,
Focused Laser Pistol,Rare,2,200,160,,,,,5,,,,3,,,,,,,,,,,,,,,
Shotgun,Rare,1,100,60,,,3,,,2,,,,1,,,,,,,,,,,,,,
Double-Barrel Sawed-Off Shotgun,Rare,2,200,112,,,,,,6,,,,,,,2,,,,,,,,,,,
Hardened Scoped .44,Rare,2,200,68,5,,,,,4,,,,,1,,,,,,,,,,,,,
Armor Piercing .32 Pistol,Rare,2,200,108,,,1,,,,3,,,,,,,2,,,,,,,,,,
Tuned Plasma Pistol,Rare,3,300,314,7,,,,,,,,,3,3,,,,,,,,,,,,,
Rusty Laser Rifle,Rare,3,300,464,,,,,7,,,,3,,,,,6,,,,,,,,,,
Laser Rifle,Rare,2,200,266,,,,,4,4,,,5,,,,,,,,,,,,,,,
Butcher Knife,Rare,1,100,60,,,3,,2,,,,,,,,,1,,,,,,,,,,
Rusty Railway Rifle,Rare,2,200,412,,,,,,,6,,,,,,4,4,,,,,,,,,,
Enhanced Combat Shotgun,Rare,2,200,412,,,,,,6,,,,5,,,3,,,,,,,,,,,
Armor Piercing Scoped .44,Rare,1,100,54,2,,,,,,,,,,1,,,,,,,,,,,,,
Focused Laser Rifle,Rare,1,100,158,,,,,2,2,,,3,,,,,,,,,,,,,,,
Little Brother,Legendary,1,500,400,,,,,,,,,,2,,,2,,,,1,,,,,,,
Junk Jet,Rare,1,100,156,3,,,,,,,,,,,,1,2,,,,,,,,,,
Armor Piercing Assault Rifle,Rare,1,100,10,2,,,,,,3,,,,,,,,,,,,,,,,,
Hardened Combat Shotgun,Rare,1,100,254,,,,,,2,,,,3,,,2,,,,,,,,,,,
Armor Piercing Sniper Rifle,Rare,2,200,260,,,,,5,,,,2,,,,,3,,,,,,,,,,
Armor Piercing BB Gun,Rare,1,100,54,,,1,,,1,,,,1,,,,,,,,,,,,,,
Assault Rifle,Rare,1,100,154,2,,,,,,,,,1,,,2,,,,,,,,,,,
Enhanced Shotgun,Rare,1,100,110,,,3,,,2,,,,2,,,,,,,,,,,,,,
Tuned Laser Pistol,Rare,1,100,106,,,,,3,,,,1,,,,,1,,,,,,,,,,
Amplified Laser Pistol,Rare,1,100,156,,,,,3,,,,2,,,,,1,,,,,,,,,,
Engineer Outfit,Rare,2,200,368,,2,,,,,7,7,,,,,,,,,,,,,,,,
Sci-Fi Fan Outfit,Rare,3,300,528,,8,6,,,,,,,,,10,,,,,,,,,,,,
Nobility Outfit,Rare,3,300,578,,11,,3,,,,,,,,11,,,,,,,,,,,,
Surgeon Outfit,Rare,3,300,426,,,,7,6,,,8,,,,,,,,,,,,,,,,
Greaser Outfit,Rare,4,400,736,,4,,14,,,,14,,,,,,,,,,,,,,,,
Naughty Nightwear,Rare,10,1000,1640,,,36,9,,,,,,,,31,,,,,,,,,,,,
Soldier Uniform,Rare,2,200,266,,,,8,,,,,,,,5,,,,,,,,,,,,
Republic Robes,Rare,8,800,722,,,,8,,,28,,,,,13,,,,,,,,,,,,
Professor Outfit,Rare,11,1100,1402,,,,11,40,,,,,,,26,,,,,,,,,,,,
Sturdy Battle Armor,Rare,8,800,824,,15,,,,,22,,,,,,,15,,,,,,,,,,
Tuned Laser Rifle,Rare,1,100,158,,,,,1,3,,,3,,,,,,,,,,,,,,,
Armor Piercing Sniper Rifle,Rare,1,100,156,,,,,3,,,,1,,,,,2,,,,,,,,,,
Rusty Minigun,Legendary,1,500,400,,,,,,,,,,,,,3,1,,,,1,,,,,,
Rusty Flamer,Rare,2,200,408,4,,,,,,,,,,3,,,5,,,,,,,,,,
Flamer,Rare,3,300,130,15,,,,,,,,,,1,,,1,,,,,,,,,,
Enhanced Railway Rifle,Rare,1,100,254,,,,,,,2,,,,,,3,2,,,,,,,,,,
Greaser Outfit,Rare,1,100,108,,1,,3,,,,2,,,,,,,,,,,,,,,,
Engineer Outfit,Rare,2,200,218,,2,,,,,7,4,,,,,,,,,,,,,,,,
T-51d Power Armor,Legendary,1,500,400,,,,,,,,,2,,,,2,,,,1,,,,,,,
Comedian Outfit,Rare,1,100,208,,2,2,,,,,,,,,4,,,,,,,,,,,,
Medieval Ruler Outfit,Rare,1,100,110,,4,,1,,,,,,,,2,,,,,,,,,,,,
Survivor Armor,Rare,1,100,58,,,,,2,,2,1,,,,,,,,,,,,,,,,
Wasteland Doctor,Rare,3,300,430,,9,,,6,,,,,,,8,,,,,,,,,,,,
Enhanced Sniper Rifle,Rare,2,200,308,,,,,4,,,,2,,,,,4,,,,,,,,,,
Rusty Plasma Pistol,Rare,1,100,104,2,,,,,,,,,2,,,,,,,,,,,,,,
Hardened Assault Rifle,Rare,1,100,108,2,,,,,,2,,,,,,2,,,,,,,,,,,
Combat Shotgun,Rare,1,100,208,,,3,,,1,,,,4,,,,,,,,,,,,,,
Armor Piercing Sniper Rifle,Rare,1,100,206,,,,,3,,,,2,,,,,2,,,,,,,,,,
Tuned Plasma Pistol,Rare,1,100,104,2,,,,,,,,,2,,,,,,,,,,,,,,
Wazer Rifle,Legendary,1,500,650,,,,,,,,,,,2,,,3,2,,,,,,,,,
Tuned Laser Rifle,Rare,3,300,526,,,,,6,7,,,10,,,,,,,,,,,,,,,
Double-Barrel Shotgun,Rare,1,100,206,,,,,,3,,,,2,,,2,,,,,,,,,,,
Armor Piercing Assault Rifle,Rare,1,100,108,2,,,,,,2,,,,,,2,,,,,,,,,,,
Tuned Laser Pistol,Rare,1,100,156,,,,,3,,,,2,,,,,1,,,,,,,,,,
Hardened Shotgun,Rare,1,100,58,,,3,,,1,,,,1,,,,,,,,,,,,,,
Enhanced Combat Shotgun,Rare,2,200,412,,,,,,6,,,,5,,,3,,,,,,,,,,,
Rusty Laser Rifle,Rare,2,200,410,,,,,5,,,,4,,,,,4,,,,,,,,,,
Incendiary Institute Pistol,Rare,1,100,156,,,,,3,,,,2,1,,,,,,,,,,,,,,
Laser Rifle,Rare,1,100,210,,,,,2,3,,,4,,,,,,,,,,,,,,,
Focused Laser Rifle,Rare,2,200,368,,,,,3,6,,,7,,,,,,,,,,,,,,,
Butcher Knife,Rare,1,100,110,,,3,,2,,,,,,,,,2,,,,,,,,,,
Sci-Fi Fan Outfit,Rare,2,200,318,,5,4,,,,,,,,,6,,,,,,,,,,,,
Mayor Outfit,Rare,2,200,16,,,,2,6,,,,,,,,,,,,,,,,,,,
Knight Armor,Rare,1,100,110,,1,,,,4,,2,,,,,,,,,,,,,,,,
Officer Uniform,Rare,5,500,648,,19,,5,,,,,,,,12,,,,,,,,,,,,
Initiate Robe,Common,2,20,4,,1,,1,,,,,,,,,,,,,,,,,,,,
Hardened 10mm Pistol,Rare,1,100,58,,,2,,,2,,,,,,,,1,,,,,,,,,,
Armor Piercing .32 Pistol,Rare,1,100,56,,,1,,,,2,,,,,,,1,,,,,,,,,,
Armor Piercing 10mm Pistol,Rare,1,100,58,,,2,,,2,,,,,,,,1,,,,,,,,,,
Enhanced Combat Shotgun,Rare,2,200,210,,,,,,5,,,,2,,,2,,,,,,,,,,,
Hardened .32 Pistol,Rare,2,200,112,,,2,,,,4,,,,,,,2,,,,,,,,,,
Focused Laser Pistol,Rare,1,100,54,,,,,2,,,,1,,,,,,,,,,,,,,,
Hardened Sawed-Off Shotgun,Rare,1,100,60,,,3,,,2,,,,1,,,,,,,,,,,,,,
Tuned Laser Pistol,Rare,1,100,156,,,,,3,,,,2,,,,,1,,,,,,,,,,
Amplified Laser Pistol,Rare,2,200,160,,,,,5,,,,2,,,,,1,,,,,,,,,,
Enhanced Sniper Rifle,Rare,2,200,210,,,,,5,,,,2,,,,,2,,,,,,,,,,
Tuned Laser Rifle,Rare,1,100,158,,,,,2,2,,,3,,,,,,,,,,,,,,,
Rusty Laser Rifle,Rare,1,100,54,,,,,2,,,,1,,,,,,,,,,,,,,,
Plasma Pistol,Rare,2,200,310,5,,,,,,,,,3,3,,,,,,,,,,,,,
Focused Laser Rifle,Rare,1,100,60,,,,,2,3,,,1,,,,,,,,,,,,,,,
Combat Shotgun,Rare,1,100,158,,,2,,,2,,,,3,,,,,,,,,,,,,,
Enhanced Shotgun,Rare,1,100,58,,,2,,,2,,,,1,,,,,,,,,,,,,,
Amplified Laser Pistol,Rare,1,100,156,,,,,3,,,,2,,,,,1,,,,,,,,,,
Hardened 10mm Pistol,Rare,1,100,58,,,2,,,2,,,,,,,,1,,,,,,,,,,
Armor Piercing .32 Pistol,Rare,1,100,54,,,1,,,,1,,,,,,,1,,,,,,,,,,
Laser Rifle,Rare,1,100,210,,,,,2,3,,,4,,,,,,,,,,,,,,,
Tuned Plasma Pistol,Rare,1,100,104,2,,,,,,,,,2,,,,,,,,,,,,,,
Hardened Assault Rifle,Rare,1,100,58,1,,,,,,3,,,,,,1,,,,,,,,,,,
Shotgun,Rare,1,100,108,,,3,,,1,,,,2,,,,,,,,,,,,,,
Double-Barrel Sawed-Off Shotgun,Rare,1,100,56,,,,,,3,,,,,,,1,,,,,,,,,,,
Plasma Pistol,Rare,1,100,154,2,,,,,,,,,2,1,,,,,,,,,,,,,
Armor Piercing Scoped .44,Rare,2,200,160,3,,,,,2,,,,,3,,,,,,,,,,,,,
Sniper Rifle,Rare,2,200,16,,,,,2,6,,,,,,,,,,,,,,,,,,
Surgeon Outfit,Rare,2,200,118,,,,6,3,,,2,,,,,,,,,,,,,,,,
Wasteland Medic,Common,1,10,0,,,,,,,,,,,,,,,,,,,,,,,,
Engineer Outfit,Rare,4,400,432,,4,,,,,12,8,,,,,,,,,,,,,,,,
Officer Uniform,Rare,2,200,318,,7,,2,,,,,,,,6,,,,,,,,,,,,
Raider Armor,Common,3,30,10,,3,2,,,,,,,,,,,,,,,,,,,,,
Survivor Armor,Rare,1,100,60,,,,,2,,3,1,,,,,,,,,,,,,,,,
Sturdy Combat Armor,Rare,6,600,604,,22,,,,,5,,,11,,,,,,,,,,,,,,
Sturdy Wasteland Gear,Rare,8,800,918,,,,,20,,14,17,,,,,,,,,,,,,,,,
Fancy Formal Wear,Rare,6,600,702,,,,26,,,,,,,,13,,,,,,,,,,,,
Sturdy Vault Suit,Rare,10,1000,992,,36,,10,,,,,,,,18,,,,,,,,,,,,
Scribe Robe,Rare,2,200,368,,2,,7,,,,7,,,,,,,,,,,,,,,,
Ninja Outfit,Rare,3,300,476,,8,5,,,,,,,,,9,,,,,,,,,,,,
Sports Fan Outfit,Rare,7,700,714,,25,,,,,7,,,13,,,,,,,,,,,,,,
Advanced Lab Coat,Rare,8,800,822,,,,29,7,,,,,,15,,,,,,,,,,,,,
Armored Vault Suit,Common,6,60,12,,2,,4,,,,,,,,,,,,,,,,,,,,
Lab Coat,Common,5,50,10,,,,2,3,,,,,,,,,,,,,,,,,,,
Rusty Flamer,Rare,2,200,312,6,,,,,,,,,,4,,,2,,,,,,,,,,
Hardened BB Gun,Rare,2,200,108,,,3,,,1,,,,2,,,,,,,,,,,,,,
Shotgun,Rare,1,100,110,,,3,,,2,,,,2,,,,,,,,,,,,,,
Armor Piercing Sniper Rifle,Rare,1,100,6,,,,,3,,,,,,,,,,,,,,,,,,,
Armor Piercing Assault Rifle,Rare,1,100,58,2,,,,,,2,,,,,,1,,,,,,,,,,,
Pool Cue,Rare,1,100,60,,,,,,,5,,,1,,,,,,,,,,,,,,
Enhanced Combat Shotgun,Rare,1,100,204,,,,,,2,,,,2,,,2,,,,,,,,,,,
Hardened Scoped .44,Rare,1,100,58,3,,,,,1,,,,,1,,,,,,,,,,,,,
Enhanced Shotgun,Rare,1,100,58,,,2,,,2,,,,1,,,,,,,,,,,,,,
Rusty Laser Rifle,Rare,1,100,206,,,,,3,,,,2,,,,,2,,,,,,,,,,
Armor Piercing Lever-Action Rifle,Rare,1,100,56,,,,,,1,2,,,,,,1,,,,,,,,,,,
Rusty Assault Rifle,Rare,3,300,164,7,,,,,,,,,,,,3,,,,,,,,,,,
Rusty Combat Shotgun,Rare,1,100,158,,,2,,,2,,,,3,,,,,,,,,,,,,,
Armor Piercing 10mm Pistol,Rare,2,200,116,,,5,,,3,,,,,,,,2,,,,,,,,,,
Baseball Bat,Rare,2,200,170,,,6,,,4,,,,3,,,,,,,,,,,,,,
Butcher Knife,Rare,1,100,58,,,2,,2,,,,,,,,,1,,,,,,,,,,
Amplified Laser Pistol,Rare,1,100,156,,,,,3,,,,2,,,,,1,,,,,,,,,,
Tuned Plasma Pistol,Rare,1,100,54,2,,,,,,,,,,1,,,,,,,,,,,,,
Hardened Assault Rifle,Rare,1,100,108,1,,,,,,3,,,,,,2,,,,,,,,,,,
Tuned Laser Pistol,Rare,1,100,56,,,,,3,,,,,,,,,1,,,,,,,,,,
Focused Laser Pistol,Rare,2,200,310,,,,,5,,,,4,,,,,2,,,,,,,,,,
Double-Barrel Sawed-Off Shotgun,Rare,2,200,308,,,,,,4,,,,4,,,2,,,,,,,,,,,
Enhanced Sniper Rifle,Rare,1,100,54,,,,,2,,,,1,,,,,,,,,,,,,,,
Enhanced Assault Rifle,Rare,3,300,366,8,,,,,,,,,3,,,4,,,,,,,,,,,
Hardened .32 Pistol,Rare,1,100,56,,,1,,,,2,,,,,,,1,,,,,,,,,,
Laser Pistol,Rare,2,200,168,,,,,4,5,,,3,,,,,,,,,,,,,,,
Armor Piercing .32 Pistol,Rare,6,600,278,,,6,,,,8,,,,,,,5,,,,,,,,,,
Combat Shotgun,Rare,2,200,118,,,5,,,4,,,,2,,,,,,,,,,,,,,
Tuned Laser Rifle,Rare,3,300,426,,,,,6,7,,,8,,,,,,,,,,,,,,,
Double-Barrel Shotgun,Rare,1,100,106,,,,,,3,,,,1,,,1,,,,,,,,,,,
Enhanced Railway Rifle,Rare,3,300,368,,,,,,,9,,,,,,5,2,,,,,,,,,,
Railway Rifle,Rare,1,100,206,,,,,,,3,,,,,,3,1,,,,,,,,,,
Hardened Sniper Rifle,Rare,1,100,206,,,,,3,,,,2,,,,,2,,,,,,,,,,
Scoped Pipe Pistol,Rare,1,100,60,,,2,,,,3,,,,,,,1,,,,,,,,,,
Hardened Hunting Rifle,Rare,2,200,66,,,,,,2,6,,,,,,1,,,,,,,,,,,
Hardened Shotgun,Rare,1,100,8,,,2,,,2,,,,,,,,,,,,,,,,,,
Armor Piercing Hunting Rifle,Rare,2,200,168,,,,,,4,5,,,,,,3,,,,,,,,,,,
Sniper Rifle,Rare,1,100,160,,,,,2,3,,,3,,,,,,,,,,,,,,,
Focused Plasma Pistol,Rare,2,200,218,4,,,,,,5,,,,4,,,,,,,,,,,,,
Railway Rifle,Rare,2,200,412,,,,,,,6,,,,,,6,2,,,,,,,,,,
Hardened Hunting Rifle,Rare,1,100,108,,,,,,2,2,,,,,,2,,,,,,,,,,,
Wazer Rifle,Legendary,1,500,650,,,,,,,,,,,2,,,3,2,,,,,,,,,
Hardened Combat Shotgun,Rare,1,100,206,,,,,,3,,,,2,,,2,,,,,,,,,,,
Engineer Outfit,Rare,3,300,278,,3,,,,,11,5,,,,,,,,,,,,,,,,
T-51d Power Armor,Legendary,2,1000,750,,,,,,,,,3,,,,4,,,,2,,,,,,,
Surgeon Outfit,Rare,3,300,428,,,,8,6,,,8,,,,,,,,,,,,,,,,
Greaser Outfit,Rare,2,200,118,,2,,7,,,,2,,,,,,,,,,,,,,,,
Sturdy Merc Gear,Rare,5,500,692,,5,,16,,,,13,,,,,,,,,,,,,,,,
Battle Armor,Common,8,80,12,,,,,,3,3,,,,,,,,,,,,,,,,,
Radiation Suit,Common,8,80,10,,,,1,4,,,,,,,,,,,,,,,,,,,
Junior Officer Uniform,Common,9,90,26,,7,,6,,,,,,,,,,,,,,,,,,,,
Officer Uniform,Rare,4,400,632,,12,,4,,,,,,,,12,,,,,,,,,,,,
Medieval Ruler Outfit,Rare,4,400,284,,14,,3,,,,,,,,5,,,,,,,,,,,,
Sturdy Raider Armor,Rare,9,900,828,,,22,,,17,,15,,,,,,,,,,,,,,,,
Knight Armor,Rare,5,500,494,,5,,,,17,,9,,,,,,,,,,,,,,,,
Naughty Nightwear,Rare,7,700,962,,,24,7,,,,,,,,18,,,,,,,,,,,,
Wasteland Doctor,Rare,2,200,216,,6,,,2,,,,,,,4,,,,,,,,,,,,
Republic Robes,Rare,5,500,646,,,,4,,,19,,,,,12,,,,,,,,,,,,
Military Fatigues,Common,19,190,42,,,,9,,,12,,,,,,,,,,,,,,,,,
Handyman Jumpsuit,Common,10,100,16,,6,,2,,,,,,,,,,,,,,,,,,,,
Tuned Plasma Pistol,Rare,1,100,54,2,,,,,,,,,,1,,,,,,,,,,,,,
Laser Rifle,Rare,1,100,58,,,,,2,2,,,1,,,,,,,,,,,,,,,
Railway Rifle,Rare,1,100,204,,,,,,,2,,,,,,2,2,,,,,,,,,,
Armor Piercing Sniper Rifle,Rare,1,100,156,,,,,3,,,,2,,,,,1,,,,,,,,,,
Focused Laser Rifle,Rare,1,100,10,,,,,2,3,,,,,,,,,,,,,,,,,,
Enhanced Railway Rifle,Rare,3,300,768,,,,,,,9,,,,,,9,6,,,,,,,,,,
Baseball Bat,Rare,1,100,108,,,3,,,1,,,,2,,,,,,,,,,,,,,
Plasma Pistol,Rare,1,100,104,2,,,,,,,,,1,1,,,,,,,,,,,,,
Hardened Combat Shotgun,Rare,3,300,264,,,,,,7,,,,3,,,2,,,,,,,,,,,
Laser Pistol,Rare,1,100,58,,,,,2,2,,,1,,,,,,,,,,,,,,,
Enhanced Assault Rifle,Rare,1,100,56,3,,,,,,,,,1,,,,,,,,,,,,,,
Hardened Shotgun,Rare,1,100,160,,,3,,,2,,,,3,,,,,,,,,,,,,,
Armor Piercing Hunting Rifle,Rare,1,100,8,,,,,,1,3,,,,,,,,,,,,,,,,,
Enhanced Combat Shotgun,Rare,3,300,664,,,,,,7,,,,7,,,6,,,,,,,,,,,
Amplified Laser Pistol,Rare,1,100,106,,,,,3,,,,1,,,,,1,,,,,,,,,,
Nobility Outfit,Rare,1,100,158,,3,,1,,,,,,,,3,,,,,,,,,,,,
Survivor Armor,Rare,1,100,208,,,,,2,,2,4,,,,,,,,,,,,,,,,
Sturdy Merc Gear,Rare,1,100,108,,1,,3,,,,2,,,,,,,,,,,,,,,,
Sci-Fi Fan Outfit,Rare,1,100,110,,3,2,,,,,,,,,2,,,,,,,,,,,,
Officer Fatigues,Rare,10,1000,992,,,,10,,,36,,,,,18,,,,,,,,,,,,
Movie Fan Outfit,Rare,5,500,792,,,,21,,,,,,,,15,,,,,,,,,,,,
Clergy Outfit,Rare,2,200,170,,8,,2,,,,,,,,3,,,,,,,,,,,,
Librarian Outfit,Rare,3,300,378,,,,2,12,,,,,,,7,,,,,,,,,,,,
Sturdy Combat Armor,Rare,4,400,484,,13,,,,,4,,,9,,,,,,,,,,,,,,
Sturdy Leather Armor,Rare,2,200,220,,2,,,,,8,4,,,,,,,,,,,,,,,,
Sturdy Vault Suit,Rare,3,300,76,,10,,3,,,,,,,,1,,,,,,,,,,,,
Ninja Outfit,Rare,2,200,318,,5,4,,,,,,,,,6,,,,,,,,,,,,
Wasteland Gear,Common,2,20,4,,1,,,1,,,,,,,,,,,,,,,,,,,
Military Fatigues,Common,2,20,2,,,,1,,,,,,,,,,,,,,,,,,,,
Wasteland Medic,Common,1,10,2,,,,1,,,,,,,,,,,,,,,,,,,,
Laser Rifle,Rare,1,100,208,,,,,2,2,,,4,,,,,,,,,,,,,,,
Hardened Sawed-Off Shotgun,Rare,1,100,58,,,2,,,2,,,,1,,,,,,,,,,,,,,
Armor Piercing Lever-Action Rifle,Rare,1,100,54,,,,,,1,1,,,,,,1,,,,,,,,,,,
Hardened Shotgun,Rare,1,100,60,,,3,,,2,,,,1,,,,,,,,,,,,,,
Hardened BB Gun,Rare,2,200,108,,,2,,,2,,,,2,,,,,,,,,,,,,,
Rusty Sniper Riflee,Rare,1,100,58,,,,,2,2,,,1,,,,,,,,,,,,,,,
Enhanced Railway Rifle,Rare,1,100,254,,,,,,,2,,,,,,3,2,,,,,,,,,,
Plasma Pistol,Rare,1,100,206,3,,,,,,,,,2,2,,,,,,,,,,,,,
Enhanced Combat Shotgun,Rare,2,200,362,,,,,,6,,,,3,,,4,,,,,,,,,,,
Hardened Sniper Rifle,Rare,2,200,312,,,,,6,,,,3,,,,,3,,,,,,,,,,
Focused Laser Rifle,Rare,1,100,160,,,,,2,3,,,3,,,,,,,,,,,,,,,
Double-Barrel Shotgun,Rare,1,100,204,,,,,,2,,,,2,,,2,,,,,,,,,,,
Ol' Painless,Legendary,1,500,300,,,,,,,,,,1,,,,1,,,,,1,,,,,
Hardened Assault Rifle,Rare,2,200,166,4,,,,,,4,,,,,,3,,,,,,,,,,,
Institute Rifle,Rare,1,100,156,,,,,3,,,,2,1,,,,,,,,,,,,,,
Double-Barrel Shotgun,Rare,1,100,6,,,,,,3,,,,,,,,,,,,,,,,,,
Hardened Hunting Rifle,Rare,1,100,60,,,,,,2,3,,,,,,1,,,,,,,,,,,
Hardened Lever-Action Rifle,Rare,1,100,106,,,,,,1,2,,,,,,2,,,,,,,,,,,
Shotgun,Rare,1,100,58,,,3,,,1,,,,1,,,,,,,,,,,,,,
Hardened Combat Shotgun,Rare,1,100,154,,,,,,2,,,,1,,,2,,,,,,,,,,,
Enhanced Sniper Rifle,Rare,1,100,204,,,,,2,,,,2,,,,,2,,,,,,,,,,
Medieval Ruler Outfit,Rare,2,200,266,,6,,2,,,,,,,,5,,,,,,,,,,,,
Clergy Outfit,Rare,2,200,218,,7,,2,,,,,,,,4,,,,,,,,,,,,
Comedian Outfit,Rare,1,100,208,,2,2,,,,,,,,,4,,,,,,,,,,,,
Greaser Outfit,Rare,1,100,208,,1,,3,,,,4,,,,,,,,,,,,,,,,
Mayor Outfit,Rare,2,200,316,,,,2,6,,,,,,,6,,,,,,,,,,,,
Heavy Raider Armor,Legendary,1,500,950,,,,,,,,,,,,,,3,,,,,1,,3,,,
Surgeon Outfit,Rare,2,200,370,,,,6,4,,,7,,,,,,,,,,,,,,,,
Sturdy Battle Armor,Rare,4,400,636,,8,,,,,10,,,,,,,12,,,,,,,,,,
Rusty Sniper Riflee,Rare,1,100,60,,,,,2,3,,,1,,,,,,,,,,,,,,,
Flamer,Rare,2,200,318,9,,,,,,,,,,3,,,3,,,,,,,,,,
Enhanced Railway Rifle,Rare,1,100,254,,,,,,,2,,,,,,3,2,,,,,,,,,,
Armor Piercing Sniper Rifle,Rare,1,100,56,,,,,3,,,,,,,,,1,,,,,,,,,,
Focused Laser Rifle,Rare,1,100,60,,,,,2,3,,,1,,,,,,,,,,,,,,,
Double-Barrel Sawed-Off Shotgun,Rare,1,100,56,,,,,,3,,,,,,,1,,,,,,,,,,,
Laser Pistol,Rare,1,100,58,,,,,2,2,,,1,,,,,,,,,,,,,,,
Armor Piercing Hunting Rifle,Rare,5,500,196,,,,,,8,15,,,,,,3,,,,,,,,,,,
Rusty Plasma Pistol,Rare,1,100,54,2,,,,,,,,,,1,,,,,,,,,,,,,
Hardened Scoped .44,Rare,1,100,10,3,,,,,2,,,,,,,,,,,,,,,,,,
Armor Piercing Assault Rifle,Rare,1,100,110,2,,,,,,3,,,,,,2,,,,,,,,,,,
Assault Rifle,Rare,1,100,104,2,,,,,,,,,1,,,1,,,,,,,,,,,
Plasma Pistol,Rare,2,200,210,5,,,,,,,,,,4,,,,,,,,,,,,,
Amplified Laser Pistol,Rare,1,100,154,,,,,2,,,,2,,,,,1,,,,,,,,,,
Enhanced Shotgun,Rare,1,100,58,,,2,,,2,,,,1,,,,,,,,,,,,,,
Focused Plasma Pistol,Rare,1,100,208,1,,,,,,3,,,,4,,,,,,,,,,,,,
Hardened BB Gun,Rare,2,200,110,,,4,,,1,,,,2,,,,,,,,,,,,,,
Armor Piercing Scoped .44,Rare,2,200,110,4,,,,,1,,,,,2,,,,,,,,,,,,,
Combat Shotgun,Rare,3,300,378,,,8,,,6,,,,7,,,,,,,,,,,,,,
Hardened Shotgun,Rare,1,100,160,,,3,,,2,,,,3,,,,,,,,,,,,,,
Armor Piercing Lever-Action Rifle,Rare,4,400,322,,,,,,4,7,,,,,,6,,,,,,,,,,,
Hardened 10mm Pistol,Rare,1,100,60,,,3,,,2,,,,,,,,1,,,,,,,,,,
Rusty Combat Shotgun,Rare,1,100,208,,,3,,,1,,,,4,,,,,,,,,,,,,,
Focused Laser Pistol,Rare,2,200,60,,,,,5,,,,1,,,,,,,,,,,,,,,
Laser Rifle,Rare,2,200,170,,,,,4,6,,,3,,,,,,,,,,,,,,,
Hardened Sawed-Off Shotgun,Rare,2,200,166,,,4,,,4,,,,3,,,,,,,,,,,,,,
Tuned Laser Rifle,Rare,2,200,268,,,,,4,5,,,5,,,,,,,,,,,,,,,
Railway Rifle,Rare,3,300,518,,,,,,,9,,,,,,6,4,,,,,,,,,,
Hardened Combat Shotgun,Rare,2,200,260,,,,,,5,,,,3,,,2,,,,,,,,,,,
Armor Piercing 10mm Pistol,Rare,1,100,60,,,3,,,2,,,,,,,,1,,,,,,,,,,
Rusty Shotgun,Rare,3,300,164,,,,,,7,,,,3,,,,,,,,,,,,,,
Hardened Hunting Rifle,Rare,3,300,128,,,,,,6,8,,,,,,2,,,,,,,,,,,
Enhanced Sniper Rifle,Rare,1,100,154,,,,,2,,,,2,,,,,1,,,,,,,,,,
Hardened Lever-Action Rifle,Rare,1,100,54,,,,,,,2,,,,,,1,,,,,,,,,,,
Rusty Flamer,Rare,2,200,412,6,,,,,,,,,,2,,,6,,,,,,,,,,
Focused Alien Blaster,Legendary,2,1000,1600,,,,,,,,,4,,4,,,,,,,,6,,,,,
Tuned Plasma Pistol,Rare,3,300,464,7,,,,,,,,,5,4,,,,,,,,,,,,,
Hardened Sniper Rifle,Rare,3,300,262,,,,,6,,,,3,,,,,2,,,,,,,,,,
Amplified Alien Blaster,Legendary,2,1000,1650,,,,,,,,,5,,,,,,,3,,,4,,,,,
Clergy Outfit,Rare,2,200,318,,7,,2,,,,,,,,6,,,,,,,,,,,,
Wrestler Outfit,Rare,1,100,8,,,2,2,,,,,,,,,,,,,,,,,,,,
Sturdy Raider Armor,Rare,2,200,368,,,5,,,4,,7,,,,,,,,,,,,,,,,
Naughty Nightwear,Rare,5,500,478,,,11,3,,,,,,,,9,,,,,,,,,,,,
Survivor Armor,Rare,4,400,486,,,,,8,,10,9,,,,,,,,,,,,,,,,
Sturdy Merc Gear,Rare,2,200,268,,2,,7,,,,5,,,,,,,,,,,,,,,,
Nobility Outfit,Rare,1,100,8,,3,,1,,,,,,,,,,,,,,,,,,,,
Comedian Outfit,Rare,6,600,850,,14,11,,,,,,,,,16,,,,,,,,,,,,
Knight Armor,Rare,2,200,320,,2,,,,8,,6,,,,,,,,,,,,,,,,
Engineer Outfit,Rare,2,200,218,,2,,,,,7,4,,,,,,,,,,,,,,,,
Sci-Fi Fan Outfit,Rare,3,300,430,,9,6,,,,,,,,,8,,,,,,,,,,,,
Surgeon Outfit,Rare,4,400,536,,,,10,8,,,10,,,,,,,,,,,,,,,,
Soldier Uniform,Rare,3,300,280,,,,15,,,,,,,,5,,,,,,,,,,,,
Officer Uniform,Rare,2,200,116,,6,,2,,,,,,,,2,,,,,,,,,,,,
Movie Fan Outfit,Rare,4,400,536,,,,18,,,,,,,,10,,,,,,,,,,,,
Sturdy Leather Armor,Rare,3,300,278,,3,,,,,11,5,,,,,,,,,,,,,,,,
Fancy Formal Wear,Rare,7,700,1008,,,,29,,,,,,,,19,,,,,,,,,,,,
Wasteland Doctor,Rare,3,300,280,,9,,,6,,,,,,,5,,,,,,,,,,,,
Advanced Radiation Suit,Rare,4,400,286,,,,,10,,8,,,,,5,,,,,,,,,,,,
Medieval Ruler Outfit,Rare,1,100,108,,,,1,3,,,,,,,2,,,,,,,,,,,,
Mayor Outfit,Rare,1,100,158,,3,,1,,,,,,,,3,,,,,,,,,,,,
Minuteman Uniform,Legendary,1,500,1000,,,,,,,,4,,,,,,,,,,,,3,1,,,
Piper's Outfit,Legendary,1,500,950,,,,,,,,,,,,3,,,,,,,,1,3,,,
Tuned Plasma Pistol,Rare,1,100,204,2,,,,,,,,,2,2,,,,,,,,,,,,,
Incendiary Institute Pistol,Rare,1,100,204,,,,,2,,,,2,2,,,,,,,,,,,,,,
Hardened Minigun,Legendary,1,500,750,,,,,,,,,,,,,,3,,,,1,2,,,,,
Armor Piercing Minigun,Legendary,3,1500,2200,,,,,,,,,,,,,,8,,,,4,5,,,,,
Virgil's Rifle,Legendary,1,500,950,,,,,,,,,,,3,,,,2,,,2,,,,,,
Gauss Rifle,Rare,3,300,378,14,,,,,,,,,,3,,,4,,,,,,,,,,
Rusty Gauss Rifle,Rare,1,100,258,4,,,,,,,,,,3,,,2,,,,,,,,,,
Enhanced Sniper Rifle,Rare,1,100,156,,,,,3,,,,2,,,,,1,,,,,,,,,,
Armor Piercing Assault Rifle,Rare,1,100,158,2,,,,,,2,,,,,,3,,,,,,,,,,,
Hardened Sniper Rifle,Rare,1,100,206,,,,,3,,,,2,,,,,2,,,,,,,,,,
Hardened Hunting Rifle,Rare,1,100,10,,,,,,2,3,,,,,,,,,,,,,,,,,
Hardened .32 Pistol,Rare,1,100,54,,,1,,,,1,,,,,,,1,,,,,,,,,,
Hardened Shotgun,Rare,1,100,10,,,3,,,2,,,,,,,,,,,,,,,,,,
Armor Piercing BB Gun,Rare,1,100,54,,,1,,,1,,,,1,,,,,,,,,,,,,,
Hardened Sawed-Off Shotgun,Rare,1,100,60,,,3,,,2,,,,1,,,,,,,,,,,,,,
Rusty Plasma Pistol,Rare,1,100,156,3,,,,,,,,,1,2,,,,,,,,,,,,,
Rusty Combat Shotgun,Rare,1,100,208,,,2,,,2,,,,4,,,,,,,,,,,,,,
Tuned Laser Pistol,Rare,1,100,106,,,,,3,,,,1,,,,,1,,,,,,,,,,
Tuned Plasma Pistol,Rare,2,200,110,5,,,,,,,,,1,1,,,,,,,,,,,,,
Focused Plasma Pistol,Rare,2,200,18,3,,,,,,6,,,,,,,,,,,,,,,,,
Plasma Pistol,Rare,1,100,0,,,,,,,,,,,,,,,,,,,,,,,,
Double-Barrel Shotgun,Rare,1,100,4,2,,,,,,,,,,,,,,,,,,,,,,,
Assault Rifle,Rare,2,200,110,5,,,,,,,,,,,,2,,,,,,,,,,,
Focused Laser Rifle,Rare,3,300,374,,,,,4,8,,,7,,,,,,,,,,,,,,,
Rusty Sniper Riflee,Rare,3,300,380,,,,,6,9,,,7,,,,,,,,,,,,,,,
Rusty Shotgun,Rare,1,100,4,,,,,,2,,,,,,,,,,,,,,,,,,
Hardened Assault Rifle,Rare,2,200,270,4,,,,,6,,,,,,,5,,,,,,,,,,,
Hardened Lever-Action Rifle,Rare,2,200,110,,,,,,1,4,,,,,,2,,,,,,,,,,,
Hardened 10mm Pistol,Rare,1,100,58,,,2,,,2,,,,,,,,1,,,,,,,,,,
Baseball Bat,Rare,1,100,108,,,2,,,2,,,,2,,,,,,,,,,,,,,
Armor Piercing .32 Pistol,Rare,1,100,56,,,1,,,,2,,,,,,,1,,,,,,,,,,
Lone Wanderer,Legendary,1,500,300,,,,,,,,,,,,,1,1,,,1,,,,,,,
Enahnced Railway Rifle,Rare,3,300,214,,,,,,,7,,,,,,4,,,,,,,,,,,
Enhanced Assault Rifle,Rare,3,300,362,6,,,,,,,,,3,,,4,,,,,,,,,,,
Tuned Laser Rifle,Rare,2,200,118,,,,,3,6,,,2,,,,,,,,,,,,,,,
Armor Piercing Hunting Rifle,Rare,2,200,118,,,,,,4,5,,,,,,2,,,,,,,,,,,
Laser Pistol,Rare,3,300,324,,,,,5,7,,,6,,,,,,,,,,,,,,,
Hardened BB Gun,Rare,1,100,56,,,2,,,1,,,,1,,,,,,,,,,,,,,
Shotgun,Rare,2,200,168,,,6,,,3,,,,3,,,,,,,,,,,,,,
Railway Rifle,Rare,2,200,462,,,,,,,6,,,,,,5,4,,,,,,,,,,
Wild Bill's Sidearm,Legendary,1,500,350,,,,,,,,,,2,,,1,,,,1,,,,,,,
Mayor Outfit,Rare,2,200,368,,,,2,7,,,,,,,7,,,,,,,,,,,,
Officer Uniform,Rare,3,300,326,,10,,3,,,,,,,,6,,,,,,,,,,,,
Sci-Fi Fan Outfit,Rare,5,500,496,,14,9,,,,,,,,,9,,,,,,,,,,,,
Greaser Outfit,Rare,2,200,66,,2,,6,,,,1,,,,,,,,,,,,,,,,
Engineer Outfit,Rare,2,200,268,,1,,,,,8,5,,,,,,,,,,,,,,,,
Wrestler Outfit,Rare,2,200,218,,,3,6,,,,4,,,,,,,,,,,,,,,,
Sturdy Merc Gear,Rare,4,400,88,,4,,15,,,,1,,,,,,,,,,,,,,,,
Nobility Outfit,Rare,3,300,528,,11,,3,,,,,,,,10,,,,,,,,,,,,
Fancy Formal Wear,Rare,7,700,1114,,,,32,,,,,,,,21,,,,,,,,,,,,
Clergy Outfit,Rare,2,200,320,,8,,2,,,,,,,,6,,,,,,,,,,,,
Medieval Ruler Outfit,Rare,3,300,474,,9,,3,,,,,,,,9,,,,,,,,,,,,
Republic Robes,Rare,5,500,542,,,,5,,,16,,,,,10,,,,,,,,,,,,
Scribe Robe,Rare,5,500,640,,5,,15,,,,12,,,,,,,,,,,,,,,,
Rusty Shotgun,Rare,1,100,6,,,,,,3,,,,,,,,,,,,,,,,,,
Rusty Railway Rifle,Rare,1,100,204,,,,,,,2,,,,,,2,2,,,,,,,,,,
Tuned Laser Rifle,Rare,1,100,158,,,,,2,2,,,3,,,,,,,,,,,,,,,
Railway Rifle,Rare,1,100,156,,,,,,,3,,,,,,1,2,,,,,,,,,,
Hardened Combat Shotgun,Rare,1,100,156,,,,,,3,,,,1,,,2,,,,,,,,,,,
Combat Shotgun,Rare,1,100,208,,,3,,,1,,,,4,,,,,,,,,,,,,,
Shotgun,Rare,1,100,60,,,3,,,2,,,,1,,,,,,,,,,,,,,
Double-Barrel Sawed-Off Shotgun,Rare,1,100,56,,,,,,3,,,,1,,,,,,,,,,,,,,
Hardened Sniper Rifle,Rare,1,100,106,,,,,3,,,,,,,,,2,,,,,,,,,,
Rusty Flamer,Rare,3,300,564,7,,,,,,,,,,5,,,6,,,,,,,,,,
Rusty Plasma Rifle,Rare,3,300,568,9,,,,,,,,,6,5,,,,,,,,,,,,,
Hardened Flamer,Rare,2,200,468,9,,,,,,,,,,4,,,5,,,,,,,,,,
Gauss Rifle,Rare,2,200,416,8,,,,,,,,,,5,,,3,,,,,,,,,,
Alien Blaster,Legendary,1,500,450,,,,,,,,,2,,3,,,,,,,,1,,,,,
Hardened Sniper Rifle,Rare,1,100,54,,,,,2,,,,,,,,,1,,,,,,,,,,
Pickaxe,Rare,1,100,210,,,5,,,,,,,2,,,,2,,,,,,,,,,
Tactical Junk Jet,Rare,1,100,306,3,,,,,,,,,,,,3,3,,,,,,,,,,
Gauss Rifle,Rare,2,200,366,8,,,,,,,,,,3,,,4,,,,,,,,,,
Rusty Gauss Rifle,Rare,1,100,10,5,,,,,,,,,,,,,,,,,,,,,,,
Enhanced Combat Shotgun,Rare,1,100,256,,,,,,3,,,,3,,,2,,,,,,,,,,,
Hardened Combat Shotgun,Rare,1,100,254,,,,,,2,,,,3,,,2,,,,,,,,,,,
Rusty Flamer,Rare,1,100,156,3,,,,,,,,,,2,,,1,,,,,,,,,,
Tuned Plasma Pistol,Rare,1,100,104,2,,,,,,,,,1,1,,,,,,,,,,,,,
Laser Rifle,Rare,1,100,158,,,,,2,2,,,3,,,,,,,,,,,,,,,
Nobility Outfit,Rare,1,100,158,,3,,1,,,,,,,,3,,,,,,,,,,,,
Greaser Outfit,Rare,1,100,208,,1,,3,,,,4,,,,,,,,,,,,,,,,
Comedian Outfit,Rare,1,100,208,,2,2,,,,,,,,,4,,,,,,,,,,,,
Survivor Armor,Rare,1,100,160,,,,,2,,3,3,,,,,,,,,,,,,,,,
Wasteland Doctor,Rare,3,300,528,,8,,,6,,,,,,,10,,,,,,,,,,,,
Knight Armor,Rare,1,100,110,,1,,,,4,,2,,,,,,,,,,,,,,,,
Naughty Nightwear,Rare,3,300,474,,,9,3,,,,,,,,9,,,,,,,,,,,,
Soldier Uniform,Rare,1,100,208,,,,4,,,,,,,,4,,,,,,,,,,,,
Officer Fatigues,Rare,11,1100,1502,,,,11,,,40,,,,,28,,,,,,,,,,,,
Sturdy Combat Armor,Rare,6,600,606,,22,,,,,6,,,11,,,,,,,,,,,,,,
Librarian Outfit,Rare,5,500,346,,,,5,18,,,,,,,6,,,,,,,,,,,,
Ninja Outfit,Rare,5,500,946,,13,10,,,,,,,,,18,,,,,,,,,,,,
Sturdy Wasteland Gear,Rare,5,500,794,,,,,12,,10,15,,,,,,,,,,,,,,,,
Sports Fan Outfit,Rare,8,800,974,,29,,,,,8,,,18,,,,,,,,,,,,,,
Professor Outfit,Rare,5,500,698,,,,5,19,,,,,,,13,,,,,,,,,,,,
T-60f Power Armor,Legendary,2,1000,1350,,,,,,,,,,,,,7,,3,,2,,,,,,,
Railway Rifle,Rare,1,100,6,,,,,,,3,,,,,,,,,,,,,,,,,
Armor Piercing Sniper Rifle,Rare,1,100,206,,,,,3,,,,2,,,,,2,,,,,,,,,,
Rusty Laser Rifle,Rare,1,100,56,,,,,3,,,,1,,,,,,,,,,,,,,,
Armor Piercing BB Gun,Rare,1,100,56,,,2,,,1,,,,1,,,,,,,,,,,,,,
Hardened BB Gun,Rare,1,100,56,,,2,,,1,,,,1,,,,,,,,,,,,,,
Hardened Shotgun,Rare,1,100,58,,,3,,,1,,,,1,,,,,,,,,,,,,,
Combat Shotgun,Rare,1,100,210,,,3,,,2,,,,4,,,,,,,,,,,,,,
Enhanced Assault Rifle,Rare,1,100,56,3,,,,,,,,,,,,1,,,,,,,,,,,
Hardened Hunting Rifle,Rare,2,200,66,,,,,,4,4,,,,,,1,,,,,,,,,,,
Enhanced Sniper Rifle,Rare,1,100,156,,,,,3,,,,1,,,,,2,,,,,,,,,,
Hardened .32 Pistol,Rare,1,100,54,,,1,,,,1,,,,,,,1,,,,,,,,,,
Enhanced Railway Rifle,Rare,1,100,206,,,,,,,3,,,,,,2,2,,,,,,,,,,
Hardened 10mm Pistol,Rare,1,100,58,,,2,,,2,,,,,,,,1,,,,,,,,,,
Hardened Combat Shotgun,Rare,2,200,308,,,,,,4,,,,4,,,2,,,,,,,,,,,
Rusty Flamer,Rare,1,100,256,3,,,,,,,,,,2,,,3,,,,,,,,,,
Armor Piercing Assault Rifle,Rare,2,200,316,4,,,,,,4,,,,,,6,,,,,,,,,,,
Assault Rifle,Rare,4,400,268,9,,,,,,,,,3,,,2,,,,,,,,,,,
Sniper Rifle,Rare,1,100,10,,,,,2,3,,,,,,,,,,,,,,,,,,
Hardened Lever-Action Rifle,Rare,1,100,104,,,,,,,2,,,,,,2,,,,,,,,,,,
Rusty Plasma Pistol,Rare,3,300,564,7,,,,,,,,,5,6,,,,,,,,,,,,,
Hardened Sniper Rifle,Rare,1,100,104,,,,,2,,,,1,,,,,1,,,,,,,,,,
Rusty Sniper Riflee,Rare,1,100,60,,,,,2,3,,,1,,,,,,,,,,,,,,,
Amplified Laser Pistol,Rare,1,100,54,,,,,2,,,,1,,,,,,,,,,,,,,,
Enhanced Combat Shotgun,Rare,1,100,154,,,,,,2,,,,2,,,1,,,,,,,,,,,
Focused Laser Pistol,Rare,1,100,104,,,,,2,,,,2,,,,,,,,,,,,,,,
Tuned Laser Rifle,Rare,1,100,8,,,,,2,2,,,,,,,,,,,,,,,,,,
Rusty Gauss Rifle,Rare,3,300,326,13,,,,,,,,,,3,,,3,,,,,,,,,,
Vengeance,Legendary,2,1000,2100,,,,,,,,,,,10,,,,4,,4,,,,,,,
Rusty Combat Shotgun,Rare,1,100,208,,,2,,,2,,,,4,,,,,,,,,,,,,,
Enhanced Flamer,Rare,3,300,776,13,,,,,,,,,,6,,,9,,,,,,,,,,
Pickaxe,Rare,1,100,210,,,5,,,,,,,2,,,,2,,,,,,,,,,
Enhanced Assault Rifle,Rare,1,100,154,2,,,,,,,,,1,,,2,,,,,,,,,,,
Rusty Assault Rifle,Rare,1,100,56,3,,,,,,,,,1,,,,,,,,,,,,,,
Assault Rifle,Rare,1,100,106,3,,,,,,,,,1,,,1,,,,,,,,,,,
Rusty Flamer,Rare,2,200,408,4,,,,,,,,,,3,,,5,,,,,,,,,,
Hardened Assault Rifle,Rare,1,100,108,1,,,,,,3,,,,,,2,,,,,,,,,,,
Tuned Laser Pistol,Rare,2,200,212,,,,,6,,,,2,,,,,2,,,,,,,,,,
Gauss Rifle,Rare,3,300,376,13,,,,,,,,,,4,,,3,,,,,,,,,,
Flamer,Rare,2,200,466,8,,,,,,,,,,4,,,5,,,,,,,,,,
Railway Rifle,Rare,1,100,254,,,,,,,2,,,,,,3,2,,,,,,,,,,
Engineer Outfit,Rare,1,100,210,,1,,,,,4,4,,,,,,,,,,,,,,,,
Advanced Flight Suit,Rare,1,100,208,,1,,3,,,,4,,,,,,,,,,,,,,,,
Surgeon Outfit,Rare,1,100,58,,,,2,2,,,1,,,,,,,,,,,,,,,,
Soldier Uniform,Rare,1,100,108,,,,4,,,,,,,,2,,,,,,,,,,,,
Sturdy Combat Armor,Rare,2,200,220,,8,,,,,2,,,4,,,,,,,,,,,,,,
Survivor Armor,Rare,1,100,110,,,,,2,,3,2,,,,,,,,,,,,,,,,
Wasteland Doctor,Rare,2,200,168,,6,,,3,,,,,,,3,,,,,,,,,,,,
Knight Armor,Rare,1,100,108,,1,,,,3,,2,,,,,,,,,,,,,,,,
Medieval Ruler Outfit,Rare,2,200,168,,7,,2,,,,,,,,3,,,,,,,,,,,,
Mayor Outfit,Rare,1,100,108,,,,1,3,,,,,,,2,,,,,,,,,,,,
Sturdy Leather Armor,Rare,3,300,328,,3,,,,,11,6,,,,,,,,,,,,,,,,
Sci-Fi Fan Outfit,Rare,2,200,168,,5,4,,,,,,,,,3,,,,,,,,,,,,
X-01 Mk I Power Armor,Legendary,1,500,400,,,,,,,,,2,,,,2,,,,1,,,,,,,
Clergy Outfit,Rare,1,100,8,,3,,1,,,,,,,,,,,,,,,,,,,,
Heavy Metal Armor,Legendary,2,1000,1300,,,,,,,,6,,,,,,,,,5,,,,,,,
Sturdy Raider Armor,Rare,2,200,218,,,5,,,4,,4,,,,,,,,,,,,,,,,
Focused Laser Pistol,Rare,1,100,104,,,,,2,,,,2,,,,,,,,,,,,,,,
Plasma Rifle,Rare,2,200,512,6,,,,,,,,,5,5,,,,,,,,,,,,,
Sniper Rifle,Rare ,1,0,10,,,,,2,3,,,,,,,,,,,,,,,,,,
Armor Piercing Hunting Rifle,Rare,1,100,58,,,,,,2,2,,,,,,1,,,,,,,,,,,
Hardened Sawed-Off Shotgun,Rare,1,100,60,,,3,,,2,,,,1,,,,,,,,,,,,,,
Focused Laser Rifle,Rare,1,100,208,,,,,2,2,,,4,,,,,,,,,,,,,,,
Hardened Hunting Rifle,Rare,4,400,234,,,,,,7,10,,,,,,4,,,,,,,,,,,
Enhanced Assault Rifle,Rare,2,200,110,5,,,,,,,,,,,,2,,,,,,,,,,,
Railway Rifle,Rare,2,200,410,,,,,,,5,,,,,,5,3,,,,,,,,,,
Double-Barrel Sawed-Off Shotgun,Rare,2,200,310,,,,,,5,,,,4,,,2,,,,,,,,,,,
Baseball bat,Rare,3,300,380,,,9,,,6,,,,7,,,,,,,,,,,,,,
Laser Pistol,Rare,2,200,120,,,,,4,6,,,2,,,,,,,,,,,,,,,
Tuned Laser Pistol,Rare,2,200,210,,,,,5,,,,3,,,,,1,,,,,,,,,,
Double-Barrel Shotgun,Rare,2,200,262,,,,,,6,,,,4,,,1,,,,,,,,,,,
Amplified Laser Pistol,Rare,3,300,264,,,,,7,,,,2,,,,,3,,,,,,,,,,
Plasma Pistol,Rare,2,200,358,4,,,,,,,,,3,4,,,,,,,,,,,,,
Focused Plasma Pistol,Rare,2,200,266,4,,,,,,4,,,,5,,,,,,,,,,,,,
Enhanced Flamer,Rare,2,200,420,10,,,,,,,,,,3,,,5,,,,,,,,,,
Hardened Flamer,Rare,2,200,166,8,,,,,,,,,,2,,,1,,,,,,,,,,
Shotgun,Rare,2,200,116,,,4,,,4,,,,2,,,,,,,,,,,,,,
Rusty Plasma Pistol,Rare,2,200,212,6,,,,,,,,,1,3,,,,,,,,,,,,,
Rusty Plasma Rifle,Rare,2,200,412,6,,,,,,,,,6,2,,,,,,,,,,,,,
Pressurized Flamer,Rare,3,300,512,6,,,,,,,,,,3,,,7,,,,,,,,,,
Wasteland Doctor,Rare,2,200,268,,6,,,3,,,,,,,5,,,,,,,,,,,,
T-60a Power Armor,Legendary,1,500,350,,,,,,,,,2,,,,1,,,,1,,,,,,,
Clergy Outfit,Rare,2,200,266,,6,,2,,,,,,,,5,,,,,,,,,,,,
Officer Uniform,Rare,1,100,160,,4,,1,,,,,,,,3,,,,,,,,,,,,
Sturdy Leather Armor,Rare,3,300,376,,3,,,,,10,7,,,,,,,,,,,,,,,,
Engineer Outfit,Rare,3,300,378,,3,,,,,11,7,,,,,,,,,,,,,,,,
Sturdy Raider Armor,Rare,2,200,266,,,5,,,3,,5,,,,,,,,,,,,,,,,
Scribe Robe,Rare,2,200,418,,2,,7,,,,8,,,,,,,,,,,,,,,,
Comedian Outfit,Rare,2,200,316,,5,3,,,,,,,,,6,,,,,,,,,,,,
Sturdy Wasteland Gear,Rare,2,200,218,,,,,5,,4,4,,,,,,,,,,,,,,,,
X-01 Mk I Power Armor,Legendary,1,500,750,,,,,,,,,,,,,3,,1,,2,,,,,,,
Surgeon Outfit,Rare,3,300,528,,,,8,6,,,10,,,,,,,,,,,,,,,,
Greaser Outfit,Rare,2,200,268,,2,,7,,,,5,,,,,,,,,,,,,,,,
Soldier Uniform,Rare,5,500,594,,,,22,,,,,,,,11,,,,,,,,,,,,
T-45f Power Armor,Legendary,2,1000,1750,,,,,,,,,,,,,7,,4,,3,,,,,,,
Librarian Outfit,Rare,4,400,734,,,,4,13,,,,,,,14,,,,,,,,,,,,
Ninja Outfit,Rare,6,600,908,,18,11,,,,,,,,,17,,,,,,,,,,,,
Republic Robes,Rare,3,300,524,,,,3,,,9,,,,,10,,,,,,,,,,,,
Professor Outfit,Rare,4,400,438,,,,4,15,,,,,,,8,,,,,,,,,,,,
Sports Fan Outfit,Rare,7,700,1064,,25,,,,,7,,,20,,,,,,,,,,,,,,
Horror Fan Outfit,Rare,4,400,384,,8,,,,,9,,,,,7,,,,,,,,,,,,
Sturdy Battle Armor,Rare,6,600,704,,10,,,,,17,,,,,,,13,,,,,,,,,,
Hardened Scoped .44,Rare,1,100,58,2,,,,,2,,,,,1,,,,,,,,,,,,,
Shotgun,Rare,1,100,60,,,3,,,2,,,,1,,,,,,,,,,,,,,
Armor Piercing Assault Rifle,Rare,1,100,60,2,,,,,,3,,,,,,1,,,,,,,,,,,
Rusty Plasma Pistol,Rare,1,100,156,3,,,,,,,,,1,2,,,,,,,,,,,,,
Focused Plasma Pistol,Rare,1,100,210,2,,,,,,3,,,,4,,,,,,,,,,,,,
Enhanced Sniper Rifle,Rare,1,100,154,,,,,2,,,,1,,,,,2,,,,,,,,,,
Hardened Lever-Action Rifle,Rare,1,100,104,,,,,,1,1,,,,,,2,,,,,,,,,,,
Armor Piercing Scoped .44,Rare,1,100,104,1,,,,,1,,,,,2,,,,,,,,,,,,,
Rusty Railway Rifle,Rare,1,100,154,,,,,,,2,,,,,,1,2,,,,,,,,,,
Laser Pistol,Rare,1,100,58,,,,,2,2,,,1,,,,,,,,,,,,,,,
Armor Piercing 10mm Pistol,Rare,1,100,10,,,3,,,2,,,,,,,,,,,,,,,,,,
Combat Shotgun,Rare,1,100,58,,,3,,,1,,,,1,,,,,,,,,,,,,,
Armor Piercing .32 Pistol,Rare,1,100,54,,,1,,,,1,,,,,,,1,,,,,,,,,,
Enhanced Combat Shotgun,Rare,1,100,156,,,,,,3,,,,1,,,2,,,,,,,,,,,
Hardened Shotgun,Rare,2,200,218,,,5,,,4,,,,4,,,,,,,,,,,,,,
Hardened Hunting Rifle,Rare,1,100,110,,,,,,2,3,,,,,,2,,,,,,,,,,,
Hardened .32 Pistol,Rare,1,100,54,,,,,,,2,,,,,,,1,,,,,,,,,,
Hardened Sniper Rifle,Rare,2,200,212,,,,,6,,,,2,,,,,2,,,,,,,,,,
Wazer Wifle,Legendary,1,500,400,,,,,,,,,,,2,,,2,1,,,,,,,,,
Assault Rifle,Rare,2,200,208,4,,,,,,,,,1,,,3,,,,,,,,,,,
Rusty Shotgun,Rare,1,100,4,,,,,,2,,,,,,,,,,,,,,,,,,
Hardened Combat Shotgun,Rare,1,100,256,,,,,,3,,,,3,,,2,,,,,,,,,,,
Rusty Assault Rifle,Rare,2,200,158,4,,,,,,,,,2,,,1,,,,,,,,,,,
Laser Rifle,Rare,1,100,160,,,,,2,3,,,3,,,,,,,,,,,,,,,
Rusty Sniper Rifle,Rare,3,300,330,,,,,6,9,,,6,,,,,,,,,,,,,,,
Rusty Combat Shotgun,Rare,1,100,158,,,2,,,2,,,,3,,,,,,,,,,,,,,
Hardened Fat Man,Legendary,2,1000,1650,,,,,,,,,,,,,,9,,3,,,3,,,,,
Greaser Outfit,Rare,2,200,268,,2,,7,,,,5,,,,,,,,,,,,,,,,
Naughty Nightwear,Rare,5,500,594,,,17,5,,,,,,,,11,,,,,,,,,,,,
Surgeon Outfit,Rare,2,200,266,,,,5,3,,,5,,,,,,,,,,,,,,,,
X-01 Mk I Power Armor,Legendary,1,500,750,,,,,,,,,2,,,,1,,,,3,,,,,,,
Sturdy Combat Armor,Rare,2,200,118,,8,,,,,1,,2,,,,,,,,,,,,,,,
Officer Fatigues,Rare,3,300,624,,,,3,,,9,,,,,12,,,,,,,,,,,,
Fancy Formal Wear,Rare,4,400,736,,,,18,,,,,,,,14,,,,,,,,,,,,
Advanced Lab Coat,Rare,4,400,386,,,,14,4,,,,,,7,,,,,,,,,,,,,
Baseball Uniform,Rare,3,300,276,,10,,3,,,,,,,,5,,,,,,,,,,,,
,,,0,0,,,,,,,,,,,,,,,,,,,,,,,,
,,,0,0,,,,,,,,,,,,,,,,,,,,,,,,
,,,0,0,,,,,,,,,,,,,,,,,,,,,,,,
,,,0,0,,,,,,,,,,,,,,,,,,,,,,,,
,,,0,0,,,,,,,,,,,,,,,,,,,,,,,,
,,,0,0,,,,,,,,,,,,,,,,,,,,,,,,
,,,0,0,,,,,,,,,,,,,,,,,,,,,,,,
,,,0,0,,,,,,,,,,,,,,,,,,,,,,,,
,,,0,0,,,,,,,,,,,,,,,,,,,,,,,,
,,,0,0,,,,,,,,,,,,,,,,,,,,,,,,
,,,0,0,,,,,,,,,,,,,,,,,,,,,,,,
,,,0,0,,,,,,,,,,,,,,,,,,,,,,,,
,,,0,0,,,,,,,,,,,,,,,,,,,,,,,,
,,,0,0,,,,,,,,,,,,,,,,,,,,,,,,
,,,0,0,,,,,,,,,,,,,,,,,,,,,,,,
,,,0,0,,,,,,,,,,,,,,,,,,,,,,,,
,,,0,0,,,,,,,,,,,,,,,,,,,,,,,,
,,,0,0,,,,,,,,,,,,,,,,,,,,,,,,
,,,0,0,,,,,,,,,,,,,,,,,,,,,,,,